{"products":[{"id":"0.12345","qty":1}],"totalPrice":1999.9899999999998}